timestamp,j1,j2,j3,j4,j5,j6,x,y,z,rx,ry,rz,gripper
1770929411.6723564,0.61,-0.52,-0.52,-2.63,0.43,3.16,53.7,-62.4,417.7,-93.69,3.18,-89.15,3
1770929411.8052526,0.61,-1.4,-0.52,-1.93,0.43,3.42,58.0,-62.4,417.5,-93.78,3.44,-89.17,3
1770929411.9372725,0.61,-2.72,-0.52,0.26,0.43,3.6,61.8,-62.3,417.9,-93.08,3.7,-89.14,3
1770929412.069235,0.61,-3.25,-0.52,0.52,0.43,3.69,63.1,-62.3,417.7,-93.34,3.79,-89.16,3
1770929412.2012382,0.61,-3.25,-0.52,-0.35,0.43,3.86,64.2,-62.3,416.9,-94.22,3.88,-89.23,3
1770929412.3332858,0.61,-3.25,-0.52,-1.05,0.43,4.04,65.1,-62.3,416.3,-94.93,4.15,-89.3,3
1770929412.4652343,0.61,-4.3,-0.52,-0.79,0.43,4.3,71.1,-62.2,415.2,-95.72,4.41,-89.38,3
1770929412.597274,0.61,-5.88,-0.52,1.58,0.17,4.57,75.4,-62.4,415.4,-94.84,4.56,-89.59,3
1770929412.729259,0.61,-7.11,-0.52,2.72,-0.08,4.74,80.1,-62.6,414.7,-95.11,4.71,-89.89,3
1770929412.8622727,0.61,-8.26,-0.52,2.98,-0.52,4.83,85.0,-62.9,413.3,-95.99,4.83,-90.51,3
1770929412.994266,0.61,-9.4,-0.52,3.16,-0.79,5.09,90.1,-63.1,411.8,-96.88,5.04,-90.87,3
1770929413.1262808,0.61,-10.45,-0.52,3.33,-0.87,5.53,95.0,-63.0,410.2,-97.85,5.45,-91.02,3
1770929413.2583253,0.61,-11.6,-0.52,3.33,-0.87,5.97,100.3,-63.0,408.4,-98.92,5.76,-91.17,3
1770929413.3902678,0.61,-12.91,-0.52,3.69,-0.87,6.41,106.1,-62.9,406.3,-99.98,6.16,-91.36,3
1770929413.5223308,0.61,-14.32,-0.52,4.13,-0.87,6.85,112.0,-62.8,404.1,-100.88,6.65,-91.55,3
1770929413.6542654,0.43,-15.99,-0.52,4.74,-0.87,7.38,119.2,-63.1,401.3,-102.04,7.12,-91.97,3
1770929413.7862725,0.35,-17.57,-0.52,5.36,-0.87,8.08,125.6,-63.3,398.5,-103.04,7.85,-92.36,3
1770929413.9182744,0.35,-19.07,-0.52,5.62,-0.87,8.96,132.1,-63.2,395.5,-104.31,8.56,-92.72,3
1770929414.0502608,0.26,-20.83,-0.52,6.24,-0.87,9.49,139.1,-63.4,392.0,-105.48,9.0,-93.13,3
1770929414.1825726,0.26,-22.67,-0.52,7.11,-0.87,10.1,146.3,-63.4,388.4,-106.49,9.53,-93.46,3
1770929414.3162673,0.35,-24.25,-0.52,7.55,-0.87,10.98,152.8,-63.1,384.7,-107.78,10.37,-93.87,3
1770929414.449249,0.35,-25.83,-0.52,7.64,-0.87,12.3,159.5,-63.1,380.5,-109.38,11.42,-94.56,3
1770929414.5822983,0.26,-27.5,-0.52,7.82,-0.87,13.62,165.8,-63.3,376.2,-110.91,12.61,-95.44,3
1770929414.7152689,0.17,-29.17,-0.52,8.26,-0.87,14.94,172.4,-63.5,371.7,-112.28,13.7,-96.31,3
1770929414.8472693,0.17,-30.93,-0.52,9.05,-0.87,16.08,178.7,-63.5,367.2,-113.38,14.64,-97.01,3
1770929414.979254,0.08,-32.6,-0.52,10.37,-0.87,17.75,184.3,-63.8,363.4,-113.94,16.21,-97.93,3
1770929415.1112463,0.08,-34.45,-0.52,11.25,-0.87,19.77,190.8,-63.8,358.4,-115.3,17.96,-99.17,3
1770929415.2432628,0.08,-36.29,-0.52,11.6,-0.87,21.88,197.1,-63.7,352.9,-117.07,19.54,-100.58,3
1770929415.375258,0.08,-38.49,-0.52,12.12,-0.87,23.02,204.6,-63.7,346.0,-118.86,20.01,-101.58,3
1770929415.507274,0.08,-40.69,-0.52,13.09,-0.87,23.64,212.0,-63.7,338.8,-120.46,20.32,-102.45,2
1770929415.639274,0.08,-42.89,-0.52,13.79,-0.87,24.34,219.0,-63.7,331.5,-122.16,20.66,-103.44,3
1770929415.771264,0.08,-45.26,-0.52,14.5,-0.87,25.4,226.6,-63.7,322.7,-124.3,21.09,-104.74,3
1770929415.9032648,0.08,-47.98,-0.52,15.38,-0.87,26.19,234.4,-63.7,313.4,-126.09,21.25,-105.76,3
1770929416.0352578,0.08,-50.62,-0.52,17.13,-0.87,26.27,240.7,-63.7,305.4,-126.82,21.05,-106.02,2
1770929416.167298,0.08,-52.99,-0.52,18.8,-0.87,26.89,246.5,-63.7,297.4,-127.89,21.36,-106.81,2
1770929416.2992735,0.08,-55.01,-0.52,19.42,-0.87,27.77,251.7,-63.7,289.2,-129.73,21.57,-107.99,2
1770929416.4312582,0.08,-57.04,-0.52,19.51,-0.87,28.3,256.5,-63.7,280.7,-131.74,21.38,-109.05,2
1770929416.5632658,0.08,-58.88,-0.52,19.68,-1.23,28.74,260.9,-64.0,272.7,-133.42,20.81,-110.22,2
1770929416.6952808,0.08,-60.64,-0.52,19.68,-1.31,29.17,265.0,-64.1,264.2,-135.38,20.48,-111.32,2
1770929416.82729,0.08,-62.49,-0.52,19.51,-1.66,29.97,269.0,-64.3,255.3,-137.51,20.1,-112.79,2
1770929416.959271,0.08,-64.77,-0.52,19.51,-1.75,31.11,273.4,-64.3,244.5,-140.05,19.93,-114.6,3
1770929417.0912597,0.08,-67.06,-0.52,19.68,-1.75,32.08,277.3,-64.3,233.8,-142.32,19.58,-116.01,3
1770929417.2232776,0.08,-69.34,-0.52,20.12,-1.75,32.43,280.7,-64.3,223.6,-143.98,18.99,-116.75,3
1770929417.3552623,0.08,-71.36,-0.52,20.65,-1.75,32.95,283.3,-64.5,214.6,-145.57,18.5,-117.85,3
1770929417.4873047,0.17,-73.21,-0.52,20.91,-2.63,33.31,285.6,-64.6,206.0,-146.74,17.44,-118.77,3
1770929417.6192858,0.17,-74.79,-0.52,21.7,-2.63,33.31,287.2,-64.6,199.5,-147.38,17.1,-118.96,3
1770929417.751297,0.17,-76.2,-0.52,22.67,-2.63,33.31,288.5,-64.6,193.7,-147.87,16.84,-119.1,3
1770929417.883278,0.17,-77.51,-0.43,23.37,-2.63,33.48,289.5,-64.6,189.2,-148.31,16.72,-119.37,3
1770929418.015281,0.17,-78.48,-0.52,23.46,-2.63,33.75,290.3,-64.6,184.2,-149.25,16.38,-119.85,3
1770929418.1473055,0.08,-79.36,-0.52,23.46,-2.63,34.1,290.9,-65.0,179.3,-150.21,16.07,-120.5,3
1770929418.2792928,0.08,-80.59,-0.52,23.46,-2.63,34.54,291.7,-65.0,173.0,-151.44,15.69,-121.28,3
1770929418.411276,0.08,-81.82,-0.52,23.46,-2.63,34.98,292.4,-65.0,166.7,-152.61,15.21,-121.89,3
1770929418.5432725,0.08,-83.05,-0.52,23.2,-2.63,35.41,292.9,-65.0,160.0,-154.04,14.64,-122.71,3
1770929418.6753087,0.08,-84.02,-0.52,22.58,-2.72,36.03,293.1,-65.2,154.0,-155.51,13.83,-123.82,3
1770929418.8073387,0.08,-85.16,-0.52,21.88,-3.25,36.65,293.2,-65.5,147.1,-156.99,12.71,-124.71,3
1770929418.9392865,0.08,-85.51,-0.52,21.09,-3.33,36.73,293.1,-65.6,144.2,-158.07,11.92,-125.06,3
1770929419.071292,0.08,-86.39,-0.52,20.03,-3.33,37.52,293.0,-65.6,138.9,-159.47,11.37,-126.14,3
1770929419.2032857,0.08,-86.74,-0.52,19.68,-3.33,37.7,292.9,-65.6,136.5,-160.21,10.88,-126.37,3
1770929419.3352866,0.08,-87.18,-0.52,18.72,-3.33,38.14,292.6,-65.6,132.1,-161.45,10.21,-127.08,3
1770929419.467329,0.08,-87.89,-0.52,18.72,-3.33,38.58,292.5,-65.6,129.2,-162.08,9.89,-127.52,3
1770929419.5993354,0.08,-87.89,-0.52,17.49,-3.33,38.75,292.0,-65.6,127.1,-163.24,9.11,-127.96,3
1770929419.7312942,0.17,-87.89,-0.52,15.55,-3.33,39.28,291.6,-64.7,124.4,-164.7,8.14,-128.42,3
1770929419.8632889,0.26,-87.89,-0.52,14.94,-3.33,39.46,291.4,-64.7,123.7,-165.14,7.85,-128.65,3
1770929419.9952867,0.35,-87.89,-0.52,13.71,-3.33,39.81,291.0,-64.2,121.7,-166.23,7.13,-129.13,3
1770929420.1273122,0.52,-88.06,-0.52,12.3,-3.33,40.16,290.5,-63.3,117.7,-167.55,6.12,-129.36,3
1770929420.2594852,0.26,-89.91,0.0,13.35,-3.33,40.16,290.3,-64.7,112.5,-167.42,6.23,-129.61,3
1770929420.3922958,0.08,-90.52,-0.43,15.2,-3.42,40.16,290.4,-65.6,111.1,-166.88,6.56,-129.75,3
1770929420.5253417,0.26,-90.52,-0.43,15.29,-3.42,40.42,290.8,-64.3,111.5,-166.71,6.79,-129.72,3
1770929420.6573486,0.61,-90.52,-0.43,15.99,-3.77,40.51,291.3,-63.2,112.4,-166.08,7.01,-129.53,3
1770929420.7903028,0.08,-91.05,-0.43,16.96,-2.81,40.51,290.9,-65.1,110.6,-166.2,7.96,-129.67,3
1770929420.923293,0.08,-92.1,-0.35,18.72,-3.77,40.42,291.1,-66.0,108.3,-164.93,7.69,-129.79,3
1770929421.055295,0.08,-92.46,-0.08,20.3,-4.3,40.16,291.6,-66.3,109.9,-163.61,8.16,-129.57,3
1770929421.1873233,0.08,-92.46,0.0,19.86,-3.86,40.42,291.4,-66.0,109.3,-164.33,8.22,-129.79,3
1770929421.3193402,0.08,-92.46,0.0,19.59,-3.86,40.6,291.4,-66.0,109.2,-164.42,8.21,-129.97,3
1770929421.4513328,0.08,-92.46,0.08,19.16,-3.86,40.78,291.2,-66.0,108.5,-164.86,7.91,-130.2,3
1770929421.583311,0.08,-92.46,0.08,18.54,-3.6,41.22,291.0,-65.8,107.9,-165.42,7.93,-130.62,3
1770929421.7153103,0.08,-92.46,0.08,18.54,-3.6,41.22,291.0,-65.8,107.7,-165.48,7.88,-130.63,3
1770929421.847323,0.08,-92.46,0.08,18.36,-3.6,41.22,291.0,-65.8,107.7,-165.5,7.9,-130.72,3
1770929421.9793015,0.08,-92.46,0.08,18.36,-3.25,41.66,290.7,-64.0,108.1,-167.66,8.91,-130.61,3
1770929422.6213295,0.08,-91.84,0.08,16.69,-1.14,40.86,290.6,-63.7,108.2,-167.9,8.89,-129.79,13
1770929422.7533658,0.08,-91.84,0.08,16.96,-0.96,40.34,290.8,-63.7,108.8,-167.54,9.14,-129.29,17
1770929422.886326,0.08,-91.93,0.08,17.57,-0.79,39.99,290.9,-63.4,109.0,-167.44,9.57,-128.93,22
1770929423.0193543,0.08,-91.84,0.08,17.49,-0.26,39.55,290.9,-63.0,109.3,-167.67,9.85,-128.32,28
1770929423.1513526,0.08,-91.84,0.08,17.49,0.26,39.11,290.9,-62.7,109.3,-167.79,10.01,-127.73,33
1770929423.2833464,0.08,-91.84,0.08,16.96,0.61,38.4,290.7,-62.4,108.3,-168.46,9.72,-127.16,39
1770929423.415317,0.0,-91.84,0.08,16.61,0.79,38.05,290.5,-62.7,108.0,-168.65,9.68,-126.9,43
1770929423.5473347,0.0,-91.84,0.08,16.78,0.96,37.44,290.6,-62.6,108.3,-168.51,9.8,-126.23,46
1770929423.67932,0.0,-91.84,0.08,16.25,1.14,37.0,290.3,-62.4,107.4,-169.03,9.47,-125.76,48
1770929423.811312,0.0,-91.84,0.08,15.99,1.23,35.94,290.2,-62.4,107.3,-169.01,9.32,-124.89,51
1770929423.9433177,0.0,-91.75,0.08,16.34,1.58,36.38,290.4,-61.9,108.1,-169.17,10.13,-125.36,54
1770929424.0753186,0.0,-91.75,0.08,16.17,2.19,36.56,290.3,-61.6,107.9,-169.5,10.29,-125.24,58
1770929424.2073598,0.0,-91.75,0.08,16.25,2.28,36.56,290.4,-61.5,108.0,-169.5,10.44,-125.39,61
1770929424.3393238,0.0,-91.75,0.08,16.43,2.28,36.82,290.4,-61.5,108.3,-169.42,10.61,-125.72,65
1770929424.4713588,0.0,-91.75,0.08,16.87,2.9,38.32,290.6,-60.9,108.9,-169.83,11.77,-127.12,72
1770929424.6043303,0.0,-91.75,0.08,17.13,3.33,38.67,290.8,-60.6,109.5,-169.77,12.27,-127.1,77
1770929424.7373743,0.0,-91.75,0.08,17.4,3.95,38.75,290.8,-60.2,109.8,-169.96,12.79,-127.08,81
1770929424.871345,0.0,-91.75,0.08,17.4,3.95,38.75,290.8,-60.2,109.8,-169.96,12.79,-127.08,86
1770929425.0043318,0.0,-91.75,0.08,17.4,3.95,38.67,290.8,-60.2,109.8,-169.94,12.78,-126.99,90
1770929425.1373646,0.0,-91.75,0.08,17.75,4.21,38.67,291.0,-59.7,110.4,-169.97,13.53,-126.91,94
1770929425.2703352,0.0,-91.75,0.08,17.84,4.83,38.4,291.0,-59.5,110.6,-169.97,13.72,-126.5,95
1770929425.4033668,0.0,-91.84,0.08,18.72,3.25,39.19,291.3,-61.1,111.0,-168.32,12.82,-127.54,95
1770929425.5353487,0.0,-92.46,0.08,20.83,0.61,40.16,291.8,-62.9,111.3,-165.99,12.29,-128.54,92
1770929425.6673515,0.0,-92.46,-0.17,20.74,0.61,40.6,291.6,-62.9,110.1,-166.54,12.1,-129.24,89
1770929425.7993753,0.0,-92.46,-0.43,19.59,0.61,41.04,291.0,-62.9,107.3,-167.85,11.17,-129.85,87
1770929425.9313684,0.0,-92.46,-0.43,18.28,0.61,41.48,290.5,-62.9,105.5,-168.89,10.47,-130.46,86
1770929426.0633469,0.08,-92.46,-0.43,17.22,0.61,42.36,290.2,-62.4,104.0,-169.81,10.01,-131.47,86
1770929426.1953492,0.08,-92.46,-0.43,16.25,0.7,42.8,289.7,-62.3,102.6,-170.7,9.54,-131.84,86
1770929426.3273644,0.08,-92.46,-0.43,15.64,0.79,42.8,289.5,-62.3,101.9,-171.1,9.19,-131.9,86
1770929426.4593463,0.17,-92.54,-0.52,15.29,0.79,43.15,289.2,-61.8,100.5,-171.61,8.83,-132.24,86
1770929426.5913427,0.17,-92.54,-0.52,14.58,0.79,43.15,288.8,-61.8,99.2,-172.28,8.25,-132.43,86
1770929426.723365,0.17,-92.54,-0.52,13.35,0.79,43.5,288.3,-61.4,97.6,-173.18,7.51,-132.81,85
1770929426.8553588,0.35,-92.54,-0.52,12.39,0.61,43.85,287.9,-61.2,96.3,-173.62,6.7,-133.18,85
1770929426.9873693,0.43,-94.48,0.0,13.53,-0.43,44.38,287.5,-61.6,89.0,-172.96,6.01,-133.71,85
1770929427.119353,0.26,-95.53,0.08,16.17,-0.79,44.56,288.0,-62.7,88.9,-171.7,7.0,-133.86,84
1770929427.2513645,0.43,-95.53,0.08,15.46,-0.79,44.73,287.6,-61.8,87.4,-172.49,6.3,-134.03,83
1770929427.3833807,0.26,-95.53,0.08,14.76,-0.79,45.35,287.1,-62.7,86.8,-172.86,6.06,-134.77,84
1770929427.5154026,0.17,-95.53,0.08,14.58,-0.79,45.26,286.9,-63.1,86.4,-173.03,5.85,-134.7,84
1770929427.648372,0.17,-95.44,0.08,14.06,-0.79,45.43,286.7,-63.1,86.1,-173.37,5.57,-135.0,84
1770929427.7813778,0.17,-95.18,0.08,13.53,-0.79,45.61,286.6,-63.1,86.8,-173.52,5.47,-135.27,83
1770929427.9143953,0.26,-95.09,0.08,13.53,-0.7,46.14,286.8,-62.6,87.2,-173.55,5.63,-135.43,83
1770929428.047386,0.26,-95.0,0.08,13.62,-0.61,45.7,286.9,-62.5,87.8,-173.46,5.78,-135.15,80
1770929428.1803775,0.26,-94.92,0.08,13.62,-0.61,45.61,287.0,-62.5,88.2,-173.39,5.84,-135.06,76
1770929428.31339,0.26,-94.92,0.08,13.44,-0.43,45.43,286.9,-62.4,87.8,-173.68,5.75,-134.89,73
1770929428.4463668,0.35,-94.92,0.08,13.35,-0.17,45.43,287.0,-61.7,87.8,-173.87,5.94,-134.78,68
1770929428.5794172,0.43,-94.92,0.08,13.27,-0.17,45.43,287.0,-61.3,87.7,-173.93,5.87,-134.7,63
1770929428.7123704,0.43,-94.92,0.08,13.27,-0.08,45.43,287.0,-61.2,87.7,-174.0,5.94,-134.78,58
1770929428.84539,0.43,-94.92,0.08,13.35,0.17,45.87,287.1,-60.9,87.8,-174.22,6.29,-135.1,54
1770929428.9783795,0.43,-94.92,0.08,13.27,0.35,46.14,287.0,-60.9,87.7,-174.38,6.31,-135.36,48
1770929429.1113753,0.35,-94.92,0.08,13.44,0.43,46.4,287.1,-61.2,88.1,-174.29,6.59,-135.69,43
1770929429.2444263,0.26,-94.92,0.08,13.53,0.61,46.75,287.1,-61.5,88.7,-174.34,6.88,-136.19,38
1770929429.3763797,0.17,-94.83,0.08,13.71,0.61,47.37,287.1,-62.0,88.8,-174.36,7.0,-136.89,32
1770929429.5083768,0.17,-94.83,0.08,13.88,0.61,47.98,287.2,-62.0,89.0,-174.3,7.18,-137.4,27
1770929429.6403763,0.08,-94.83,0.08,13.88,0.61,48.51,287.4,-62.4,89.9,-174.33,7.87,-140.35,22
1770929430.2823918,0.08,-94.83,0.17,14.58,0.61,53.43,287.5,-62.4,90.3,-174.57,8.35,-143.16,3
1770929430.4144142,0.08,-94.83,0.17,14.67,0.61,53.96,287.6,-62.4,90.4,-174.54,8.43,-143.33,3
1770929430.5464258,0.08,-94.83,0.17,14.67,0.61,53.7,287.6,-62.4,90.4,-174.5,8.41,-143.06,3
1770929430.6784167,0.08,-94.83,0.17,14.67,0.61,53.43,287.6,-62.4,90.4,-174.46,8.38,-142.8,3
1770929430.8104703,0.08,-94.83,0.17,14.76,0.61,53.34,287.6,-62.4,90.6,-174.41,8.45,-142.79,3
1770929430.942409,0.08,-94.83,0.17,14.76,0.61,53.34,287.6,-62.4,90.6,-174.41,8.45,-142.79,3
1770929431.0744088,0.08,-94.83,0.17,14.76,0.61,53.34,287.6,-62.4,90.6,-174.41,8.45,-142.79,3
1770929431.2064013,0.08,-94.83,0.17,14.67,0.79,53.17,287.6,-62.3,90.4,-174.56,8.46,-142.52,3
1770929431.338402,0.08,-94.83,0.17,14.41,0.79,52.99,287.4,-62.3,90.1,-174.7,8.24,-142.37,3
1770929431.4704068,0.08,-94.83,0.17,14.76,0.79,52.64,287.7,-62.3,90.7,-174.39,8.56,-142.06,3
1770929431.602405,0.08,-94.83,0.17,15.38,0.79,52.38,288.1,-62.3,91.8,-173.86,9.16,-141.72,3
1770929431.7344213,0.08,-94.83,0.17,16.25,0.79,51.67,288.4,-62.3,92.7,-173.29,9.52,-140.6,3
1770929431.8664064,0.08,-94.83,0.17,16.08,0.79,50.97,288.3,-62.3,92.3,-173.4,9.27,-140.27,3
1770929431.998417,0.08,-94.83,0.17,15.99,0.79,50.97,288.3,-62.3,92.3,-173.4,9.27,-140.27,3
1770929432.1304312,0.08,-94.92,0.17,16.34,0.79,50.8,288.4,-62.3,92.4,-173.21,9.46,-140.06,3
1770929432.262419,0.08,-94.92,0.17,16.25,0.61,51.15,288.4,-62.4,92.3,-173.19,9.32,-140.44,3
1770929432.3944156,0.08,-94.92,0.17,16.25,0.52,50.97,288.4,-62.6,92.3,-173.01,9.18,-140.19,3
1770929432.5264144,0.0,-94.92,0.17,16.17,0.35,50.53,288.2,-63.1,92.1,-172.94,9.01,-139.94,3
1770929432.6584592,0.0,-94.92,0.17,16.17,0.35,50.44,288.2,-63.1,92.1,-172.93,9.0,-139.85,3
1770929432.7904303,0.0,-94.92,0.17,16.25,0.35,50.44,288.3,-63.1,92.3,-172.87,9.07,-139.84,3
1770929432.922417,0.0,-94.92,0.17,16.34,0.35,50.44,288.3,-63.1,92.3,-172.87,9.07,-139.84,3
1770929433.0544598,0.0,-94.83,0.08,15.9,0.35,50.44,288.0,-63.1,91.5,-173.22,8.67,-139.9,3
1770929433.186433,0.0,-94.83,-0.26,15.64,0.35,50.44,287.6,-63.1,90.2,-173.55,8.25,-139.86,3
1770929433.3184183,0.0,-94.74,-0.43,15.29,0.35,50.27,287.5,-63.1,90.5,-173.76,7.98,-139.8,3
1770929433.4504316,0.0,-92.19,-0.52,11.95,0.35,49.57,287.5,-63.1,98.9,-174.34,7.08,-139.01,3
1770929433.5824327,0.0,-90.7,-0.52,9.14,1.05,49.13,286.9,-62.5,101.0,-175.65,6.59,-138.8,3
1770929433.7144742,0.0,-90.26,-0.52,8.87,1.05,49.04,287.1,-62.6,103.7,-175.34,6.79,-138.69,3
1770929433.8474524,0.0,-88.76,-0.52,8.08,0.79,49.13,287.5,-62.7,110.1,-174.75,7.21,-138.73,3
1770929433.9804304,0.0,-87.8,-0.52,7.73,0.79,49.13,287.8,-62.7,114.6,-174.28,7.74,-138.67,3
1770929434.113476,0.0,-86.66,-0.52,7.11,0.79,49.21,287.8,-62.7,119.1,-174.12,7.95,-138.74,3
1770929434.2454445,0.0,-85.34,-0.52,5.71,0.79,49.21,287.4,-62.7,123.7,-174.18,7.88,-138.75,3
1770929434.3774617,0.0,-83.93,-0.52,4.48,0.79,49.04,287.1,-62.7,129.7,-173.86,8.19,-138.53,3
1770929434.5094383,0.0,-82.26,-0.52,3.42,0.79,49.04,286.7,-62.7,135.9,-173.57,8.52,-138.48,3
1770929434.6414428,0.0,-80.33,-0.52,1.75,0.79,48.86,285.7,-62.7,144.0,-173.3,8.76,-138.27,3
1770929434.7734377,0.0,-78.22,-0.52,-0.08,0.79,48.77,284.5,-62.7,151.5,-173.1,8.94,-138.07,3
1770929434.9054463,0.0,-76.81,-0.52,-0.96,0.79,48.42,283.7,-62.7,157.3,-172.64,9.36,-137.74,3
1770929435.0374749,0.0,-75.05,-0.52,-2.1,0.79,48.33,282.4,-62.7,164.2,-172.25,9.73,-137.5,3
1770929435.1694436,0.0,-73.21,-0.52,-3.07,0.79,47.98,281.1,-62.7,172.0,-171.54,10.4,-137.12,3
1770929435.3014455,0.0,-71.8,-0.52,-3.33,0.61,47.72,280.1,-62.9,178.1,-170.63,11.02,-136.74,3
1770929435.4334426,0.0,-70.04,-0.52,-4.48,0.52,47.72,278.2,-62.9,185.0,-170.26,11.28,-136.69,3
1770929435.5654483,0.0,-68.02,-0.52,-6.24,0.52,47.54,275.8,-62.9,192.5,-169.91,11.57,-136.45,3
1770929435.6975498,0.0,-66.26,-0.52,-7.47,0.52,47.54,273.4,-62.9,199.5,-169.48,12.01,-136.36,3
1770929435.8295176,0.0,-63.98,-0.52,-8.52,0.52,47.28,270.5,-62.9,208.4,-168.59,12.77,-135.83,3
1770929435.9614716,0.0,-62.4,-0.52,-9.31,0.52,46.84,268.2,-62.9,214.6,-167.95,13.26,-135.35,3
1770929436.0944579,0.0,-60.64,-0.52,-10.45,0.61,46.66,265.6,-62.7,220.7,-167.68,13.76,-134.96,3
1770929436.2274768,0.0,-59.23,-0.52,-11.25,0.87,46.4,263.1,-62.7,226.6,-167.12,14.34,-134.63,3
1770929436.360482,0.0,-57.56,-0.52,-11.86,0.87,46.05,260.3,-62.7,233.3,-166.23,14.97,-133.99,3
1770929436.4924493,0.0,-55.89,-0.52,-12.65,0.87,45.7,257.2,-62.7,239.6,-165.48,15.49,-133.46,3
1770929436.6245136,0.0,-54.22,-0.52,-13.35,0.87,45.52,254.0,-62.7,245.9,-164.79,16.07,-133.19,3
1770929436.7565227,0.0,-52.55,-0.52,-14.5,0.87,45.35,250.6,-62.7,251.5,-164.34,16.39,-132.9,3
1770929436.888458,0.0,-50.71,-0.52,-15.38,0.87,45.17,246.7,-62.7,258.5,-163.41,17.11,-132.47,3
1770929437.0204644,0.0,-49.04,-0.52,-15.55,0.87,45.17,243.1,-62.7,265.2,-162.32,18.06,-132.14,3
1770929437.1524854,0.0,-47.28,-0.52,-15.99,0.87,44.91,238.8,-62.7,272.3,-161.08,18.86,-131.35,3
1770929437.284476,0.0,-45.26,-0.52,-16.34,0.87,44.64,234.2,-62.7,279.7,-159.78,19.87,-130.85,3
1770929437.4165132,0.0,-43.41,-0.52,-16.34,0.87,44.29,229.6,-62.7,287.3,-158.09,21.0,-129.95,3
1770929437.548459,0.0,-41.57,-0.52,-16.25,0.7,44.2,224.4,-62.8,295.1,-156.28,22.14,-129.3,3
1770929437.68047,0.0,-39.63,-0.52,-16.78,0.61,44.12,219.3,-62.9,301.3,-155.16,22.82,-128.84,3
1770929437.8124762,0.0,-37.61,-0.52,-17.4,0.61,44.12,213.3,-62.9,308.5,-153.78,23.77,-128.22,3
1770929437.9444711,0.0,-35.85,-0.52,-17.49,0.61,43.85,208.3,-62.9,314.5,-152.34,24.66,-127.49,3
1770929438.076473,0.0,-34.27,-0.52,-17.57,0.61,43.76,203.4,-62.9,319.9,-151.07,25.47,-126.88,3
1770929438.208476,0.0,-32.51,-0.52,-18.01,0.61,43.5,197.6,-62.9,325.7,-149.7,26.17,-126.08,3
1770929438.3404756,0.0,-31.02,-0.52,-18.45,0.61,43.24,193.6,-62.9,329.4,-148.79,26.55,-125.47,3
1770929438.4724822,0.0,-29.97,-0.52,-18.72,0.61,43.15,189.9,-62.9,332.7,-148.03,26.96,-125.06,3
1770929438.6044824,0.0,-28.74,-0.52,-18.98,0.61,42.97,185.4,-62.9,336.7,-146.9,27.52,-124.41,3
1770929438.7364898,0.0,-27.24,-0.52,-18.98,0.79,42.71,180.5,-62.7,341.2,-145.59,28.32,-123.43,3
1770929438.8684893,0.0,-25.83,-0.52,-19.51,0.87,42.45,175.8,-62.7,344.5,-144.76,28.5,-122.78,3
1770929439.0004888,0.0,-23.9,-0.52,-20.39,0.87,41.83,168.4,-62.7,349.6,-143.3,28.8,-121.64,3
1770929439.1324892,0.0,-21.88,-0.52,-21.35,0.87,41.57,161.6,-62.7,353.8,-142.19,29.24,-120.98,3
1770929439.264494,0.0,-20.3,-0.52,-21.88,0.96,41.57,155.8,-62.6,357.6,-141.06,29.82,-120.3,3
1770929439.3964977,0.0,-18.8,-0.52,-22.14,0.96,41.22,150.2,-62.6,361.2,-139.67,30.2,-119.37,3
1770929439.5285006,0.0,-17.4,-0.52,-22.14,0.87,41.22,145.0,-62.7,364.6,-138.34,30.85,-118.82,3
1770929439.660492,0.0,-15.73,-0.17,-22.23,0.87,41.22,137.4,-62.7,369.5,-136.22,31.75,-117.66,3
1770929439.7924998,0.0,-13.97,-0.26,-22.58,1.05,41.13,130.5,-62.4,372.8,-135.01,32.46,-116.81,3
1770929439.9245033,0.0,-12.04,-0.08,-23.29,1.23,40.86,123.1,-62.4,376.3,-133.42,32.94,-115.72,3
1770929440.0565028,0.0,-10.54,0.0,-23.46,1.23,40.78,116.4,-62.4,379.5,-131.77,33.51,-114.77,3
1770929440.188503,0.0,-8.78,0.0,-23.64,1.23,40.78,109.1,-62.4,382.8,-129.99,34.09,-113.73,3
1770929440.3205056,0.08,-7.11,0.0,-23.55,1.31,40.42,102.3,-62.1,385.9,-127.94,34.62,-112.28,3
1770929440.4525018,0.08,-5.97,0.08,-22.93,1.31,40.16,96.6,-62.2,389.0,-125.64,35.12,-110.83,3
1770929440.5845075,0.08,-4.57,0.08,-22.23,1.31,40.07,90.0,-62.2,392.1,-123.28,35.75,-109.42,3
1770929440.7165055,0.08,-3.33,0.08,-21.7,1.31,40.07,84.1,-62.2,394.5,-121.33,36.29,-108.27,3
1770929440.8485072,0.08,-2.37,0.08,-21.26,1.31,40.07,79.7,-62.2,396.5,-119.56,36.75,-107.22,3
1770929440.9805093,0.08,-2.28,0.08,-19.33,0.61,40.16,77.7,-62.7,399.2,-116.89,37.28,-106.33,3
1770929441.112517,0.08,-2.28,0.08,-17.57,0.35,40.42,76.3,-63.0,400.9,-115.23,37.79,-105.74,3
1770929441.2445242,0.08,-2.28,0.08,-16.87,0.26,40.51,75.6,-63.0,401.9,-114.26,38.01,-105.15,3
1770929441.376524,0.08,-2.28,0.08,-15.55,0.26,40.6,74.3,-63.0,403.4,-112.68,38.45,-104.11,3
1770929441.5085127,0.08,-2.28,0.08,-14.32,0.7,40.6,73.0,-62.5,404.8,-111.19,38.88,-102.67,3
1770929441.6405182,0.08,-2.28,0.08,-13.0,0.96,40.42,71.6,-62.5,406.3,-109.49,39.02,-101.47,3
1770929441.7725174,0.08,-2.28,0.08,-12.3,0.96,40.25,71.0,-62.5,407.0,-108.67,38.97,-100.91,3
1770929441.9045706,0.08,-2.19,0.08,-11.16,0.96,40.25,68.8,-62.5,408.5,-106.87,39.15,-99.75,3
1770929442.036568,0.08,-2.1,0.08,-10.19,0.96,39.9,67.7,-62.5,409.5,-105.56,38.97,-98.85,3
1770929442.1685774,0.08,-2.1,0.08,-9.58,0.96,39.72,67.2,-62.5,410.1,-104.87,38.96,-98.4,3
1770929442.3005283,0.08,-2.1,0.08,-9.14,0.96,39.63,66.8,-62.5,410.4,-104.39,38.84,-98.06,3
1770929442.4325325,0.08,-2.1,0.08,-9.05,0.96,39.55,66.7,-62.5,410.5,-104.27,38.85,-97.99,3
1770929442.564589,0.08,-1.49,0.08,-9.4,1.05,39.55,63.5,-62.3,410.9,-103.94,38.92,-97.61,3
1770929442.6976058,0.08,-1.31,0.08,-10.1,1.14,39.46,64.2,-62.3,410.3,-104.71,38.75,-98.08,3
